player_name,salary,position,team,grouped_position,war_value
A.J. Cole,1000000,RP,TOR,RP,0.253333333
A.J. Minter,1300000,RP,ATL,RP,0.607080745
Aaron Bummer,2000000,RP,CHW,RP,0.696666667
Aaron Hicks,10785714,CF,NYY,OF,-0.09
Aaron Judge,10175000,RF,NYY,OF,5.72
Aaron Loup,3000000,RP,NYM,RP,2.43
Aaron Nola,12250000,SP,PHI,SP,2.976666667
Aaron Sanchez,4000000,SP,SFG,SP,0.7
Abraham Almonte,570000,LF,ATL,OF,-0.412546584
Adalberto Mondesí,2520000,3B,KCR,IF,0.65
Adam Cimber,925000,RP,TOR,RP,1.433333333
Adam Eaton,7000000,RP,CHW,RP,0.01
Adam Engel,1350000,CF,CHW,OF,1.525
Adam Frazier,4300000,2B,PIT,IF,3.815
Adam Morgan,900000,RP,CHC,RP,-0.2
Adam Wainwright,8000000,SP,STL,SP,4.47
AJ Pollock,18000000,LF,LAD,OF,3.08
AJ Ramos,100000,RP,LAA,RP,0.176666667
Albert Almora,100000,RP,NYM,RP,-0.1
Albert Pujols,30000000,1B,LAD,IF,-0.36
Aledmys Díaz,3000000,3B,HOU,IF,1.44
Alex Bregman,13000000,3B,HOU,IF,2.16
Alex Claudio,1125000,RP,LAA,RP,-0.21333333300000001
Alex Cobb,15000000,SP,LAA,SP,1.843333333
Alex Colome,5000000,RP,MIN,RP,-0.383333333
Alex Dickerson,2000000,LF,SFG,OF,0
Alex Reyes,900000,RP,STL,RP,0.546666667
Alex Wood,3000000,SP,SFG,SP,2.143333333
Amed Rosario,2400000,SS,CLE,IF,2.17
Amir Garrett,1500000,RP,CIN,RP,-0.39
Andrelton Simmons,10500000,SS,MIN,IF,1.135
Andrew Albers,100000,SP,MIN,SP,-0.453333333
Andrew Benintendi,6600000,LF,KCR,OF,2.115
Andrew Chafin,2250000,RP,CHC,RP,2.403333334
Andrew Heaney,6750000,SP,LAA,SP,0.4533333340000001
Andrew Knapp,1100000,RP,PHI,RP,0.003333333
Andrew McCutchen,20000000,LF,PHI,OF,1.53
Andrew Miller,12000000,RP,STL,RP,-0.073333333
Andrew Romine,100000,RP,CHC,RP,-0.04
Andy Burns,100000,RP,LAD,RP,-0.09
Anthony Bass,1000000,RP,MIA,RP,-0.17
Anthony DeSclafani,6000000,SP,SFG,SP,3.856666667
Anthony Rendon,28071428,3B,LAA,IF,0.105
Anthony Rizzo,16500000,1B,CHC,IF,1.8399999999999999
Anthony Santander,2100000,RF,BAL,OF,0.145
Anthony Swarzak,100000,RP,KCR,RP,-0.276666667
Antonio Senzatela,3000000,SP,COL,SP,2.639627329
Archie Bradley,6000000,RP,PHI,RP,0.46
Aroldis Chapman,16000000,RP,NYY,RP,1.073333333
Asdrubal Cabrera,1750000,RP,ARI,RP,0.016666667
Asher Wojciechowski,100000,SP,NYY,SP,0.023333333
Austin Barnes,1650000,C,LAD,C,0.605
Austin Brice,870000,RP,BOS,RP,-0.096666667
Austin Hedges,3280000,C,CLE,C,0.04
Austin Romine,1500000,C,CHC,C,-0.345
Austin Slater,1150000,RP,SFG,RP,0.003333333
Avisail Garcia,10750000,RF,MIL,OF,2.8
Ben Gamel,100000,LF,PIT,OF,0.024999999999999967
Billy Hamilton,1250000,CF,CHW,OF,0.325
Blake Parker,570500,RP,CLE,RP,0.616666667
Blake Treinen,8000000,RP,LAD,RP,2.213333333
Brad Boxberger,100000,RP,MIL,RP,1.02
Brad Hand,10500000,RP,WSN,RP,-0.236666667
Brad Keller,3350000,SP,KCR,SP,0.38
Brad Miller,3500000,1B,PHI,IF,0.48
Brady Lail,100000,RP,SEA,RP,-0.07
Brandon Belt,17200000,1B,SFG,IF,3.025
Brandon Crawford,15200000,SS,SFG,IF,6.19
Brandon Kintzler,3000000,RP,PHI,RP,-0.396666667
Brandon Lowe,2500000,2B,TBR,IF,4.79
Brandon Nimmo,4700000,CF,NYM,OF,3.425
Brandon Woodruff,3275000,SP,MIL,SP,5.58
Brandon Workman,100000,RP,BOS,RP,-0.28666666700000004
Brent Suter,1550000,RP,MIL,RP,0.603333333
Brett Anderson,2500000,SP,MIL,SP,0.666666667
Brett Gardner,2850000,CF,NYY,OF,1.05
Brian Anderson,3800000,3B,MIA,IF,1.265
Brock Holt,1750000,RP,TEX,RP,0.01
Brooks Raley,2000000,RP,HOU,RP,-0.01
Bryan Holaday,100000,RP,ARI,RP,-0.036666667
Bryan Shaw,1000000,RP,CLE,RP,0.75
Bryce Harper,27538462,RF,PHI,OF,6.23
Buck Farmer,1850000,RP,DET,RP,-0.35
Burch Smith,705000,RP,OAK,RP,-0.17
Buster Posey,22177778,C,SFG,C,4.18
Byron Buxton,5125000,CF,MIN,OF,4.32
C.J. Cron,1000000,1B,COL,IF,2.852608696
Caleb Smith,1450000,RP,ARI,RP,0.406666667
Caleb Thielbar,650000,RP,MIN,RP,1.106666667
Cam Bedrosian,1500000,RP,PHI,RP,-0.046666666999999995
Carl Edwards Jr.,100000,RP,TOR,RP,-0.23730848799999998
Carlos Correa,11700000,SS,HOU,IF,6.765
Carlos Estevez,1450000,RP,COL,RP,0.54
Carlos Martinez,11700000,SP,STL,SP,-0.46
Carlos Rodon,3000000,SP,CHW,SP,5.09
Carlos Santana,7000000,1B,KCR,IF,-0.315
Carson Kelly,1700000,C,ARI,C,1.92
Cesar Hernandez,5000000,2B,CLE,IF,1.0750000000000002
Chad Green,2150000,RP,NYY,RP,1.953333333
Chad Kuhl,2130000,SP,PIT,SP,-0.026666667
Chad Pinder,2275000,RF,OAK,OF,0.035
Charlie Blackmon,21500000,RF,COL,OF,0.759689441
Charlie Morton,15000000,SP,ATL,SP,4.387080745
Chase Anderson,4000000,SP,PHI,SP,-0.38
Chasen Shreve,1500000,RP,PIT,RP,0.706666667
Chaz Roe,1150000,RP,TBR,RP,-0.13
Chi Chi Gonzalez,1100000,SP,COL,SP,-0.261614907
Chris Archer,6500000,SP,TBR,SP,0.063333333
Chris Bassitt,4900000,SP,OAK,SP,3.923333333
Chris Devenski,1000000,RP,ARI,RP,-0.273333333
Chris Flexen,1700000,SP,SEA,SP,3.53
Chris Martin,7000000,RP,ATL,RP,0.439378882
Chris Sale,30000000,SP,BOS,SP,0.92
Chris Stratton,1100000,RP,PIT,RP,0.86
Chris Taylor,7800000,CF,LAD,OF,2.895
Christian Vazquez,6250000,C,BOS,C,0.715
Christian Yelich,14000000,LF,MIL,OF,1.295
Clayton Kershaw,31000000,SP,LAD,SP,2.67
Cody Bellinger,16100000,CF,LAD,OF,-1.27
Colin Moran,2800000,1B,PIT,IF,-0.155
Corey Dickerson,8750000,LF,MIA,OF,0.645
Corey Kluber,11000000,SP,NYY,SP,1.48
Corey Knebel,5250000,RP,LAD,RP,0.67
Corey Seager,13750000,SS,LAD,IF,3.7
Craig Kimbrel,16000000,RP,CHC,RP,2.283333333
Craig Stammen,4000000,RP,SDP,RP,1.3
Curt Casali,1500000,C,SFG,C,0.575
Dallas Keuchel,18000000,SP,CHW,SP,0.23
Dan Altavilla,850000,RP,SDP,RP,-0.043333333
Dan Winkler,900000,RP,CHC,RP,-0.28
Daniel Bard,2925000,RP,COL,RP,0.016770186
Daniel Hudson,6000000,RP,WSN,RP,0.88
Daniel Norris,3475000,RP,DET,RP,-0.49
Daniel Robertson,900000,RP,MIL,RP,0.01
Daniel Vogelbach,1400000,1B,MIL,IF,-0.135
Danny Duffy,15500000,SP,KCR,SP,1.99
Danny Santana,1750000,1B,BOS,IF,-0.23
Dansby Swanson,6000000,SS,ATL,IF,2.646335404
Darin Ruf,1275000,RP,SFG,RP,-0.053333333
Darren O'Day,1750000,RP,NYY,RP,0.16
David Bote,1010000,2B,CHC,IF,-0.63
David Dahl,2700000,LF,TEX,OF,-0.925
David Fletcher,2000000,2B,LAA,IF,1.365
David Hale,850000,RP,PHI,RP,-0.26
David Paulino,100000,RP,PHI,RP,-0.013333333
David Peralta,7500000,RP,ARI,RP,-0.096666667
David Phelps,1750000,RP,TOR,RP,0.41
David Price,32000000,RP,LAD,RP,0.653333333
Dellin Betances,6000000,RP,NYM,RP,-0.006666667
Deolis Guerra,570500,RP,OAK,RP,0.186666667
Derek Holland,925000,RP,DET,RP,0.096666667
Dexter Fowler,16500000,RF,LAA,OF,-0.14
Didi Gregorius,12750000,SS,PHI,IF,-0.845
Dinelson Lamet,4200000,RP,SDP,RP,0.403333333
DJ LeMahieu,15000000,2B,NYY,IF,1.73
Dominic Smith,2550000,LF,NYM,OF,-0.83
Donovan Solano,3250000,2B,SFG,IF,1.22
Drew Hutchison,100000,RP,DET,RP,0.21
Drew Pomeranz,8000000,RP,SDP,RP,0.683333333
Drew Smyly,11000000,SP,ATL,SP,0.79826087
Dustin Garneau,100000,C,DET,C,0.48
Dylan Bundy,8325000,SP,LAA,SP,-0.23
Eddie Rosario,8000000,LF,CLE,OF,0.8884472050000001
Eduardo Escobar,7666667,3B,ARI,IF,2.4650000000000003
Eduardo Rodriguez,8300000,SP,BOS,SP,2.516666667
Edwin Díaz,7000000,RP,NYM,RP,1.246666667
Elias Diaz,1200000,C,COL,C,1.92689441
Eloy Jiménez,4333334,LF,CHW,OF,0.585
Elvis Andrus,14250000,SS,OAK,IF,1.05
Emilio Pagan,1570000,RP,SDP,RP,-0.336666667
Ender Inciarte,8700000,CF,ATL,OF,-0.050310559
Enrique Hernandez,6000000,CF,BOS,OF,4.485
Erasmo Ramirez,800000,RP,DET,RP,-0.073333333
Eric Hosmer,21000000,1B,SDP,IF,0.785
Eric Sogard,1000000,RP,CHC,RP,-0.04
Erik Gonzalez,1225000,3B,PIT,IF,-0.55
Eugenio Suarez,10785714,3B,CIN,IF,-0.4
Evan Longoria,18666666,3B,SFG,IF,1.78
Evan Marshall,2000000,RP,CHW,RP,-0.093333333
Evan White,1300000,1B,SEA,IF,-0.665
Félix Peña,1100000,RP,LAA,RP,-0.2
Fernando Tatis Jr.,1714286,SS,SDP,IF,6.96
Francisco Lindor,22300000,SS,NYM,IF,3.65
Frankie Montas,1800000,SP,OAK,SP,3.88
Freddie Freeman,22000000,1B,ATL,IF,4.804658385
Freddy Galvis,1500000,SS,BAL,IF,1.155
Freddy Peralta,1234960,SP,MIL,SP,4.196666667
Garrett Cooper,1800000,RF,MIA,OF,0.975
Garrett Richards,8500000,SP,BOS,SP,0.593333333
Gary Sanchez,6350000,C,NYY,C,1.09
George Springer,23666667,CF,TOR,OF,2.38
German Marquez,7800000,SP,COL,SP,3.05552795
Gerrit Cole,36000000,SP,NYY,SP,5.296666667
Giancarlo Stanton,29000000,DH,NYY,DH,2.74
Gio Urshela,4650000,3B,NYY,IF,0.665
Gleyber Torres,4000000,SS,NYY,IF,0.99
Grant Dayton,900000,RP,ATL,RP,-0.211304348
Greg Holland,2750000,RP,KCR,RP,-0.05
Gregory Polanco,11600000,RF,PIT,OF,-1.2
Hansel Robles,2000000,RP,MIN,RP,-0.04999999999999999
Hanser Alberto,1650000,RP,KCR,RP,0.003333333
Harrison Bader,2000000,CF,STL,OF,3.595
Heath Hembree,1250000,RP,CIN,RP,-0.276666667
Hector Neris,5000000,RP,PHI,RP,0.86
Hernan Perez,100000,RP,WSN,RP,0.053333333
Hirokazu Sawamura,1200000,RP,BOS,RP,0.353333333
Hoby Milner,570500,RP,MIL,RP,-0.203333333
Hunter Dozier,2500000,RF,KCR,OF,-1.715
Hunter Renfroe,3100000,RF,BOS,OF,2.18
Hunter Strickland,570500,RP,MIL,RP,0.78
Hunter Wood,570500,RP,TEX,RP,0.056666667
Hyun Jin Ryu,20000000,SP,TOR,SP,2.37
Ian Happ,4100000,LF,CHC,OF,1.4
Ian Kennedy,2150000,RP,TEX,RP,0.826666667
Isiah Kiner-Falefa,2000000,SS,TEX,IF,2.735
J.A. Happ,8000000,SP,MIN,SP,-0.2699999999999999
J.D. Davis,2100000,3B,NYM,IF,1.1
J.D. Martinez,19350000,DH,BOS,DH,2.94
J.P. Crawford,2050000,SS,SEA,IF,3.545
J.T. Realmuto,20000000,C,PHI,C,3.945
Jace Fry,863000,RP,CHW,RP,-0.223333333
Jace Peterson,570500,RP,MIL,RP,-0.013333333
Jack Flaherty,3900000,SP,STL,SP,1.006666667
Jackie Bradley Jr.,13000000,CF,MIL,OF,-1.13
Jackson Frazier,2100000,LF,NYY,OF,-1.305
Jacob Barnes,750000,RP,NYM,RP,-0.41000000000000003
Jacob deGrom,35500000,SP,NYM,SP,4.78
Jacob Stallings,1300000,C,PIT,C,2.81
JaCoby Jones,2650000,CF,DET,OF,-0.775
Jake Arrieta,4000000,SP,CHC,SP,-1.943333333
Jake Diekman,4000000,RP,OAK,RP,0.186666667
Jake Lamb,1000000,3B,CHW,IF,-0.13
Jake Marisnick,1000000,CF,CHC,OF,0.215
Jake McGee,2000000,RP,SFG,RP,0.993333333
Jake Odorizzi,9000000,SP,HOU,SP,1.113333333
Jakob Junis,1700000,RP,KCR,RP,0.263333333
James McCann,8150000,C,NYM,C,0.14
James Paxton,8500000,SP,SEA,SP,-0.003333333
James Sherfy,570500,RP,SFG,RP,-0.086666666
Jarlin Garcia,950000,RP,SFG,RP,1.04
Jarrod Dyson,1500000,CF,KCR,OF,-0.025
Jason Castro,3500000,C,HOU,C,1.065
Jason Heyward,21000000,RF,CHC,OF,0.235
Javier Baez,11600000,SS,CHC,IF,4.215
Javy Guerra,100000,RP,WSN,RP,-0.4799999999999999
Jay Bruce,1350000,1B,NYY,IF,-0.37
Jean Segura,14850000,2B,PHI,IF,3.515
Jed Lowrie,1500000,2B,OAK,IF,0.365
Jeff Mathis,100000,C,ATL,C,-0.211304348
Jeimer Candelario,2850000,3B,DET,IF,3.8
Jesse Hahn,1750000,RP,KCR,RP,-0.35
Jesse Winker,3150000,LF,CIN,OF,2.865
Jesus Aguilar,4300000,1B,MIA,IF,1.415
Jeurys Familia,11666667,RP,NYM,RP,-0.06
Jhoulys Chacin,800000,RP,COL,RP,0.553416149
Ji-Man Choi,2450000,1B,TBR,IF,0.97
Jimmy Herget,700000,RP,LAA,RP,-0.05333333399999998
Joakim Soria,3500000,RP,ARI,RP,0.03999999999999998
Joc Pederson,4500000,LF,CHC,OF,0.09167701900000003
Joe Biagini,100000,RP,CHC,RP,0.126666667
Joe Jimenez,1500000,RP,DET,RP,-0.466666667
Joe Kelly,8833334,RP,LAD,RP,0.7
Joe Panik,1850000,3B,MIA,IF,-1.355
Joe Ross,1500000,SP,WSN,SP,1.12
Joe Smith,4000000,RP,HOU,RP,0.246666667
Joely Rodriguez,2500000,RP,TEX,RP,0.030000000000000027
Joey Gallo,6200000,RF,TEX,OF,4.525
Joey Krehbiel,100000,RP,BAL,RP,0.03
Joey Votto,25000000,1B,CIN,IF,3.605
Joey Wendle,2250000,3B,TBR,IF,3.33
John Brebbia,800000,RP,SFG,RP,-0.216666667
John Gant,2100000,SP,STL,SP,0.76
Johnny Cueto,21833334,SP,SFG,SP,1.216666667
Jon Gray,6000000,SP,COL,SP,2.005714286
Jon Jay,100000,LF,LAA,OF,0.025
Jonathan Schoop,4500000,1B,DET,IF,2
Jonathan Villar,3550000,3B,NYM,IF,2.12
Jordan Hicks,863000,RP,STL,RP,-0.063333333
Jordan Lyles,8000000,SP,TEX,SP,0.31
Jordan Montgomery,2130000,SP,NYY,SP,3.216666667
Jordan Zimmermann,100000,RP,MIL,RP,-0.093333333
Jordy Mercer,1000000,2B,WSN,IF,0.095
Jorge Alfaro,2050000,C,MIA,C,0.155
Jorge Polanco,4333333,2B,MIN,IF,4.51
Jorge Soler,8050000,RF,KCR,OF,-0.29363353999999986
José Abreu,17666666,1B,CHW,IF,2.855
Jose Altuve,29000000,2B,HOU,IF,4.97
Jose Alvarado,1000000,RP,PHI,RP,0.01
Jose Alvarez,1050000,RP,SFG,RP,1.093333333
Jose Berrios,6100000,SP,MIN,SP,3.883333333
Jose Cisnero,970000,RP,DET,RP,0.353333333
Jose Lobaton,570500,C,CHC,C,-0.28
Jose Peraza,570500,2B,NYM,IF,0.315
Jose Quintana,8000000,RP,LAA,RP,-0.52
Jose Ramirez,9400000,3B,CLE,IF,6.615
Jose Urena,3250000,SP,DET,SP,-0.18
Josh Bell,6350000,1B,WSN,IF,2.49
Josh Donaldson,21750000,3B,MIN,IF,3.045
Josh Hader,6675000,RP,MIL,RP,3.116666667
Josh Harrison,1000000,2B,WSN,IF,2.125
Josh Lindblom,3041666,RP,MIL,RP,-0.5
Josh Osich,100000,RP,CIN,RP,-0.126666667
Josh Tomlin,1000000,RP,ATL,RP,-0.519875776
JT Chargois,570500,RP,SEA,RP,1.133333333
JT Riddle,100000,SS,MIN,IF,0.135
Juan Lagares,1250000,CF,LAA,OF,-0.245
Juan Soto,8500000,RF,WSN,OF,7.06
Julio Teheran,3000000,SP,DET,SP,0.176666667
Julio Urias,3600000,SP,LAD,SP,4.846666667
Jurickson Profar,4333333,LF,SDP,OF,-0.29
Justin Turner,12000000,RP,LAD,RP,0.01
Justin Upton,23000000,LF,LAA,OF,-0.305
Justin Wilson,2850000,RP,CIN,RP,-0.17666666599999997
Kendall Graveman,1250000,RP,SEA,RP,1.8133333340000002
Kenley Jansen,20000000,RP,LAD,RP,2.13
Kenta Maeda,3125000,SP,MIN,SP,0.98
Keone Kela,1200000,RP,SDP,RP,-0.23
Ketel Marte,6400000,CF,ARI,OF,2.05
Kevin Gausman,18900000,SP,SFG,SP,5.17
Kevin Kiermaier,11166666,CF,TBR,OF,3
Kevin Pillar,3600000,RP,NYM,RP,0.003333333
Kevin Plawecki,1600000,RP,BOS,RP,0.013333333
Keynan Middleton,800000,RP,SEA,RP,-0.07
Khris Davis,16750000,DH,OAK,DH,-0.325
Kole Calhoun,8000000,RF,ARI,OF,-0.095
Kolten Wong,7500000,2B,MIL,IF,2.83
Kris Bryant,19500000,3B,CHC,IF,3.13
Kurt Suzuki,1500000,C,LAA,C,-0.415
Kwang Hyun Kim,4000000,SP,STL,SP,1.366666667
Kyle Crick,800000,RP,PIT,RP,-0.013333333
Kyle Farmer,640000,SS,CIN,IF,1.595
Kyle Freeland,5020000,SP,COL,SP,1.999006211
Kyle Gibson,9666666,SP,TEX,SP,3.4899999999999998
Kyle Hendricks,14000000,SP,CHC,SP,1.263333333
Kyle Ryan,800000,RP,CHC,RP,-0.206666667
Kyle Schwarber,7000000,LF,WSN,OF,2.98
Kyle Seager,18500000,3B,SEA,IF,2.275
Lance McCullers Jr.,6500000,SP,HOU,SP,3.796666667
Leury Garcia,3500000,2B,CHW,IF,1.955
Liam Hendriks,11333333,RP,CHW,RP,2.563333333
Lorenzo Cain,17000000,CF,MIL,OF,1.865
Lou Trivino,912000,RP,OAK,RP,0.886666667
Lourdes Gurriel Jr.,3928571,LF,TOR,OF,2.225
Lucas Giolito,4150000,SP,CHW,SP,4.233333333
Luis Castillo,4200000,SP,CIN,SP,3.723333333
Luis Cessa,1050000,RP,NYY,RP,1.3766666669999998
Luis Robert,3500000,CF,CHW,OF,3.495
Luis Severino,10750000,RP,NYY,RP,0.276666667
Luke Jackson,1900000,RP,ATL,RP,1.747453416
Luke Voit,4700000,1B,NYY,IF,0.235
Luke Weaver,1950000,SP,ARI,SP,0.813333333
Madison Bumgarner,19000000,SP,ARI,SP,1.41
Maikel Franco,800000,3B,BAL,IF,-1.13
Manny Machado,32000000,3B,SDP,IF,4.62
Manny Pina,1650000,C,MIL,C,1.4
Manuel Margot,3400000,RF,TBR,OF,2.575
Marcell Ozuna,12000000,LF,ATL,OF,-0.246521739
Marco Gonzales,5250000,SP,SEA,SP,1.836666667
Marcus Semien,18000000,2B,TOR,IF,6.725
Marcus Stroman,18900000,SP,NYM,SP,3.553333333
Mark Canha,6920000,LF,OAK,OF,2.77
Mark Melancon,2000000,RP,SDP,RP,1.71
Martin Maldonado,3500000,C,HOU,C,0.08
Martin Perez,4500000,SP,BOS,SP,0.603333333
Marwin Gonzalez,3000000,RP,BOS,RP,0.013333333
Matt Andriese,1850000,RP,BOS,RP,-0.446666667
Matt Barnes,4500000,RP,BOS,RP,1.113333333
Matt Carpenter,18500000,RP,STL,RP,0.013333333
Matt Chapman,6490000,3B,OAK,IF,3.765
Matt Duffy,1000000,RP,CHC,RP,0.003333333
Matt Harvey,1000000,SP,BAL,SP,0.193333333
Matt Olson,5000000,1B,OAK,IF,5.355
Matt Shoemaker,2000000,SP,MIN,SP,-1.346666667
Matt Strahm,2000000,RP,SDP,RP,-0.093333333
Matt Wisler,1150000,RP,TBR,RP,0.48666666599999997
Matthew Boyd,6500000,SP,DET,SP,1.416666667
Max Fried,3500000,SP,ATL,SP,4.35689441
Max Kepler,6500000,RF,MIN,OF,2.14
Max Muncy,9000000,1B,LAD,IF,4.865
Max Scherzer,34503480,SP,WSN,SP,5.966666667
Max Stassi,1600000,C,LAA,C,2.345
Merrill Kelly,4250000,SP,ARI,SP,2.296666667
Michael A. Taylor,1750000,CF,KCR,OF,2.245
Michael Brantley,16000000,LF,HOU,OF,2.34
Michael Conforto,12250000,RF,NYM,OF,1.12
Michael Feliz,1000000,RP,CIN,RP,-0.24666666699999998
Michael Fulmer,3100000,RP,DET,RP,1.81
Michael Lorenzen,4430000,RP,CIN,RP,-0.02
Michael Pineda,10000000,SP,MIN,SP,1.716666667
Michael Wacha,3000000,SP,TBR,SP,0.296666667
Miguel Cabrera,30000000,DH,DET,DH,-0.605
Miguel Castro,1688000,RP,NYM,RP,0.42
Miguel Rojas,5000000,SS,MIA,IF,2.395
Miguel Sano,11000000,1B,MIN,IF,0.825
Mike Mayers,1200000,RP,LAA,RP,1.083333333
Mike Minor,7000000,SP,KCR,SP,1.66
Mike Moustakas,14000000,3B,CIN,IF,-0.75
Mike Trout,37116667,CF,LAA,OF,2.01
Mike Zunino,2000000,C,TBR,C,4.125
Miles Mikolas,17000000,SP,STL,SP,0.283333333
Mitch Garver,1875000,C,MIN,C,2.135
Mitch Haniger,3010000,RF,SEA,OF,2.79
Mitch Moreland,2250000,RP,OAK,RP,0.013333333
Mookie Betts,22916667,RF,LAD,OF,3.825
Mychal Givens,4050000,RP,COL,RP,0.803954451
Nate Jones,100000,RP,ATL,RP,-0.544389234
Nathan Eovaldi,17000000,SP,BOS,SP,4.75
Nelson Cruz,13000000,DH,MIN,DH,2.265
Nick Ahmed,7875000,SS,ARI,IF,0.985
Nick Castellanos,14000000,RF,CIN,OF,3.47
Nick Tropeano,100000,RP,SFG,RP,0.030000000000000006
Nick Wittgren,2000000,RP,CLE,RP,-0.21
Niko Goodrum,2100000,SS,DET,IF,0.315
Noah Syndergaard,9700000,SP,NYM,SP,-0.066666667
Nolan Arenado,35000000,3B,STL,IF,4.12
Nomar Mazara,1750000,RF,DET,OF,-0.355
Odubel Herrera,10350000,CF,PHI,OF,1.59
Oliver Perez,100000,RP,CLE,RP,0.12
Omar Narvaez,2500000,C,MIL,C,2.12
Ozzie Albies,3000000,2B,ATL,IF,3.63242236
Pat Valaika,875000,RP,BAL,RP,0.016666667
Patrick Corbin,24416667,SP,WSN,SP,-0.356666667
Paul DeJong,4166667,SS,STL,IF,1.505
Paul Goldschmidt,26000000,1B,STL,IF,5.57
Pedro Baez,4750000,RP,HOU,RP,0.06
Pedro Severino,1825000,C,BAL,C,0.425
Pedro Strop,100000,RP,CHC,RP,0.066666667
Phil Gosselin,570500,LF,LAA,OF,-0.215
Phil Maton,975000,RP,CLE,RP,0.27333333299999996
Pierce Johnson,2000000,RP,SDP,RP,0.95
Rafael Devers,4575000,3B,BOS,IF,3.91
Rafael Dolis,1500000,RP,TOR,RP,-0.153333333
Rafael Montero,2250000,RP,SEA,RP,-0.9200000000000002
Raimel Tapia,1950000,LF,COL,OF,0.845217391
Randal Grichuk,10333333,CF,TOR,OF,0.345
Randy Dobnak,700000,RP,MIN,RP,-0.826666667
Renato Nunez,570500,1B,DET,IF,-0.235
Rex Brothers,850000,RP,CHC,RP,-0.21333333300000001
Reyes Moronta,695000,RP,SFG,RP,0.07
Reynaldo Lopez,2100000,RP,CHW,RP,0.793333333
Rhys Hoskins,4800000,1B,PHI,IF,1.975
Rich Hill,2500000,SP,TBR,SP,1.916666667
Richard Bleier,1425000,RP,MIA,RP,1.116666667
Richard Rodriguez,1700000,RP,PIT,RP,1.481242236
Robbie Grossman,5000000,LF,DET,OF,2.63
Robbie Ray,8000000,SP,TOR,SP,5.863333333
Robert Gsellman,1300000,RP,NYM,RP,0.056666667
Robert Stephenson,805000,RP,COL,RP,0.677515528
Roberto Perez,5500000,C,CLE,C,-0.155
Ronald Acuna Jr.,5000000,RF,ATL,OF,3.959440994
Ross Detwiler,850000,RP,MIA,RP,-0.07
Ross Stripling,3000000,SP,TOR,SP,0.706666667
Rougned Odor,12333333,2B,NYY,IF,0.865
Ryan Brasier,1250000,RP,BOS,RP,0.093333333
Ryan Buchter,100000,RP,ARI,RP,-0.34
Ryan Lavarnway,100000,C,CLE,C,0
Ryan McMahon,2375000,3B,COL,IF,3.255093168
Ryan Pressly,8750000,RP,HOU,RP,2.163333333
Ryan Tepera,800000,RP,CHC,RP,1.676666666
Ryan Yarbrough,2300000,SP,TBR,SP,-0.093333333
Ryne Stanek,1100000,RP,HOU,RP,0.493333333
Salvador Perez,14200000,C,KCR,C,4.345
Sandy Leon,1250000,RP,MIA,RP,-0.123333333
Scott Alexander,1000000,RP,LAD,RP,0.12
Scott Kazmir,100000,SP,SFG,SP,-0.206666667
Sean Doolittle,1500000,RP,CIN,RP,0.39333333299999995
Sean Manaea,5950000,SP,OAK,SP,3.276666667
Seranthony Dominguez,728000,RP,PHI,RP,0.013333333
Sergio Romo,2250000,RP,OAK,RP,0.06
Seth Lugo,2900000,RP,NYM,RP,0.596666667
Shawn Armstrong,825000,RP,BAL,RP,-0.53
Shelby Miller,100000,RP,PIT,RP,-0.316666666
Shogo Akiyama,7000000,CF,CIN,OF,-0.845
Shohei Ohtani,3000000,DH,LAA,DH,5.015
Sonny Gray,10166667,SP,CIN,SP,2.67
Spencer Patton,570500,RP,TEX,RP,0.416666667
Starlin Castro,7000000,3B,WSN,IF,0.895
Starling Marte,12500000,CF,MIA,OF,5.115
Stephen Piscotty,7583334,RF,OAK,OF,-0.575
Stephen Strasburg,35000000,SP,WSN,SP,0.073333333
Stephen Vogt,3500000,C,ARI,C,-0.02661490700000002
Steve Cishek,1000000,RP,LAA,RP,0.92
Steven Brault,2050000,SP,PIT,SP,0.033333333
Taijuan Walker,10000000,SP,NYM,SP,1
Tanner Roark,12000000,RP,TOR,RP,-0.22
Taylor Rogers,6000000,RP,MIN,RP,0.876666667
Teoscar Hernandez,4320000,RF,TOR,OF,4.035
Tim Anderson,7250000,SS,CHW,IF,4.755
Todd Frazier,100000,1B,PIT,IF,-0.395
Tom Murphy,875000,C,SEA,C,0.965
Tommy Hunter,2250000,RP,NYM,RP,0.3
Tommy La Stella,2000000,2B,SFG,IF,0.38
Tommy Milone,570500,RP,TOR,RP,-0.05
Tommy Pham,8900000,LF,SDP,OF,1.24
Tony Kemp,1050000,2B,OAK,IF,3.19
Tony Watson,1000000,RP,LAA,RP,0.73
Tony Wolters,800000,C,CHC,C,-0.245
Travis d'Arnaud,8000000,C,ATL,C,0.39242236
Travis Jankowski,570500,CF,PHI,OF,0.39
Travis Shaw,1500000,3B,MIL,IF,-0.51
Trea Turner,13000000,SS,WSN,IF,6.645
Trevor Bauer,40000000,SP,LAD,SP,2.7
Trevor Cahill,1500000,SP,PIT,SP,-0.15
Trevor May,7750000,RP,NYM,RP,0.416666667
Trevor Story,18500000,SS,COL,IF,3.526770186
Trevor Williams,2500000,SP,CHC,SP,0.693333333
Trey Mancini,4750000,1B,BAL,IF,0.7
Tucker Barnhart,4187500,C,CIN,C,0.705
Tyler Anderson,2500000,SP,PIT,SP,1.803333333
Tyler Chatwood,3000000,RP,TOR,RP,-0.21333333399999999
Tyler Clippard,1750000,RP,ARI,RP,0.243333333
Tyler Duffey,2200000,RP,MIN,RP,1.03
Tyler Glasnow,4000000,SP,TBR,SP,2.66
Tyler Mahle,2200000,SP,CIN,SP,4.346666667
Tyler Naquin,1500000,CF,CIN,OF,1.03
Victor Caratini,1300000,C,SDP,C,-0.315
Vince Velasquez,4000000,SP,PHI,SP,-0.516666667
Wade Davis,1250000,RP,KCR,RP,-0.496666667
Wade LeBlanc,700000,SP,STL,SP,0.33333333400000004
Wade Miley,8000000,SP,CIN,SP,4.28
Walker Buehler,3750000,SP,LAD,SP,6.51
Wandy Peralta,925000,RP,NYY,RP,0.493333334
Whit Merrifield,6750000,2B,KCR,IF,3.36
Wil Myers,22500000,RF,SDP,OF,1.42
Will Harris,8000000,RP,WSN,RP,-0.123333333
Will Smith,13000000,RP,LAD,RP,1.170559006
Willson Contreras,6650000,C,CHC,C,3.085
Wilmer Flores,3000000,3B,SFG,IF,1.635
Wilson Ramos,2000000,C,DET,C,-0.35
Wily Peralta,1500000,SP,DET,SP,1.636666667
Xander Bogaerts,20000000,SS,BOS,IF,4.64
Yadier Molina,9000000,C,STL,C,1.38
Yan Gomes,6000000,C,WSN,C,2.025
Yasmani Grandal,18250000,C,CHW,C,3.715
Yimi Garcia,1900000,RP,MIA,RP,0.22000000000000003
Yoan Moncada,6800000,3B,CHW,IF,4.07
Yoshi Tsutsugo,7000000,1B,PIT,IF,-0.4
Yuli Gurriel,6500000,1B,HOU,IF,3.51
Yusei Kikuchi,17000000,SP,SEA,SP,1.51
Yusmeiro Petit,2550000,RP,OAK,RP,0.546666667
Zach Davies,8630000,SP,CHC,SP,-0.35
Zach Eflin,4450000,SP,PHI,SP,1.89
Zack Britton,13000000,RP,NYY,RP,-0.36
Zack Godley,100000,SP,MIL,SP,-0.373333333
Zack Greinke,35000000,SP,HOU,SP,1.73
Zack Littell,570500,RP,SFG,RP,0.76
Zack Wheeler,22500000,SP,PHI,SP,7.166666667
