player_name,salary,bwar,position,actual_team,grouped_position,Payroll,optimal_team
Juan Soto,8500000,7.06,RF,WSN,OF,262108948,LAD
Fernando Tatis Jr.,1714286,6.96,SS,SDP,IF,262108948,LAD
Carlos Correa,11700000,6.765,SS,HOU,IF,262108948,LAD
Marcus Semien,18000000,6.725,2B,TOR,IF,262108948,LAD
Jose Ramirez,9400000,6.615,3B,CLE,IF,262108948,LAD
Bryce Harper,27538462,6.23,RF,PHI,OF,262108948,LAD
Aaron Judge,10175000,5.72,RF,NYY,OF,262108948,LAD
Matt Olson,5000000,5.355,1B,OAK,IF,262108948,LAD
Starling Marte,12500000,5.115,CF,MIA,OF,262108948,LAD
Shohei Ohtani,3000000,5.015,DH,LAA,DH,262108948,LAD
Salvador Perez,14200000,4.345,C,KCR,C,262108948,LAD
Buster Posey,22177778,4.18,C,SFG,C,262108948,LAD
Will Smith,13000000,4.04,RP,LAD,RP,262108948,LAD
Justin Turner,12000000,3.995,RP,LAD,RP,262108948,LAD
AJ Pollock,18000000,3.08,LF,LAD,OF,262108948,LAD
Darin Ruf,1275000,2.905,RP,SFG,RP,262108948,LAD
Austin Slater,1150000,1.495,RP,SFG,RP,262108948,LAD
David Peralta,7500000,1.335,RP,ARI,RP,262108948,LAD
Matt Duffy,1000000,1.22,RP,CHC,RP,262108948,LAD
Jace Peterson,570500,0.775,RP,MIL,RP,262108948,LAD
Max Fried,3500000,0.734534161,SP,ATL,SP,262108948,LAD
German Marquez,7800000,0.729503106,SP,COL,SP,262108948,LAD
Jacob deGrom,35500000,0.61,SP,NYM,SP,262108948,LAD
Joe Ross,1500000,0.44,SP,WSN,SP,262108948,LAD
Jack Flaherty,3900000,0.32,SP,STL,SP,262108948,LAD
Juan Soto,8500000,7.06,RF,WSN,OF,203628978,NYY
Fernando Tatis Jr.,1714286,6.96,SS,SDP,IF,203628978,NYY
Carlos Correa,11700000,6.765,SS,HOU,IF,203628978,NYY
Marcus Semien,18000000,6.725,2B,TOR,IF,203628978,NYY
Jose Ramirez,9400000,6.615,3B,CLE,IF,203628978,NYY
Bryce Harper,27538462,6.23,RF,PHI,OF,203628978,NYY
Aaron Judge,10175000,5.72,RF,NYY,OF,203628978,NYY
Matt Olson,5000000,5.355,1B,OAK,IF,203628978,NYY
Shohei Ohtani,3000000,5.015,DH,LAA,DH,203628978,NYY
Enrique Hernandez,6000000,4.485,CF,BOS,OF,203628978,NYY
Buster Posey,22177778,4.18,C,SFG,C,203628978,NYY
Mike Zunino,2000000,4.125,C,TBR,C,203628978,NYY
Will Smith,13000000,4.04,RP,LAD,RP,203628978,NYY
Justin Turner,12000000,3.995,RP,LAD,RP,203628978,NYY
AJ Pollock,18000000,3.08,LF,LAD,OF,203628978,NYY
Darin Ruf,1275000,2.905,RP,SFG,RP,203628978,NYY
Austin Slater,1150000,1.495,RP,SFG,RP,203628978,NYY
David Peralta,7500000,1.335,RP,ARI,RP,203628978,NYY
Matt Duffy,1000000,1.22,RP,CHC,RP,203628978,NYY
Jace Peterson,570500,0.775,RP,MIL,RP,203628978,NYY
Max Fried,3500000,0.734534161,SP,ATL,SP,203628978,NYY
German Marquez,7800000,0.729503106,SP,COL,SP,203628978,NYY
Joe Ross,1500000,0.44,SP,WSN,SP,203628978,NYY
Julio Urias,3600000,0.36,SP,LAD,SP,203628978,NYY
Jack Flaherty,3900000,0.32,SP,STL,SP,203628978,NYY
Juan Soto,8500000,7.06,RF,WSN,OF,198818899,NYM
Fernando Tatis Jr.,1714286,6.96,SS,SDP,IF,198818899,NYM
Carlos Correa,11700000,6.765,SS,HOU,IF,198818899,NYM
Marcus Semien,18000000,6.725,2B,TOR,IF,198818899,NYM
Jose Ramirez,9400000,6.615,3B,CLE,IF,198818899,NYM
Bryce Harper,27538462,6.23,RF,PHI,OF,198818899,NYM
Aaron Judge,10175000,5.72,RF,NYY,OF,198818899,NYM
Matt Olson,5000000,5.355,1B,OAK,IF,198818899,NYM
Starling Marte,12500000,5.115,CF,MIA,OF,198818899,NYM
Shohei Ohtani,3000000,5.015,DH,LAA,DH,198818899,NYM
Salvador Perez,14200000,4.345,C,KCR,C,198818899,NYM
Mike Zunino,2000000,4.125,C,TBR,C,198818899,NYM
Will Smith,13000000,4.04,RP,LAD,RP,198818899,NYM
Justin Turner,12000000,3.995,RP,LAD,RP,198818899,NYM
AJ Pollock,18000000,3.08,LF,LAD,OF,198818899,NYM
Darin Ruf,1275000,2.905,RP,SFG,RP,198818899,NYM
Austin Slater,1150000,1.495,RP,SFG,RP,198818899,NYM
David Peralta,7500000,1.335,RP,ARI,RP,198818899,NYM
Matt Duffy,1000000,1.22,RP,CHC,RP,198818899,NYM
Jace Peterson,570500,0.775,RP,MIL,RP,198818899,NYM
Max Fried,3500000,0.734534161,SP,ATL,SP,198818899,NYM
German Marquez,7800000,0.729503106,SP,COL,SP,198818899,NYM
Joe Ross,1500000,0.44,SP,WSN,SP,198818899,NYM
Julio Urias,3600000,0.36,SP,LAD,SP,198818899,NYM
Jack Flaherty,3900000,0.32,SP,STL,SP,198818899,NYM
Juan Soto,8500000,7.06,RF,WSN,OF,192366818,PHI
Fernando Tatis Jr.,1714286,6.96,SS,SDP,IF,192366818,PHI
Carlos Correa,11700000,6.765,SS,HOU,IF,192366818,PHI
Marcus Semien,18000000,6.725,2B,TOR,IF,192366818,PHI
Jose Ramirez,9400000,6.615,3B,CLE,IF,192366818,PHI
Bryce Harper,27538462,6.23,RF,PHI,OF,192366818,PHI
Aaron Judge,10175000,5.72,RF,NYY,OF,192366818,PHI
Matt Olson,5000000,5.355,1B,OAK,IF,192366818,PHI
Shohei Ohtani,3000000,5.015,DH,LAA,DH,192366818,PHI
Enrique Hernandez,6000000,4.485,CF,BOS,OF,192366818,PHI
Salvador Perez,14200000,4.345,C,KCR,C,192366818,PHI
Mike Zunino,2000000,4.125,C,TBR,C,192366818,PHI
Will Smith,13000000,4.04,RP,LAD,RP,192366818,PHI
Justin Turner,12000000,3.995,RP,LAD,RP,192366818,PHI
AJ Pollock,18000000,3.08,LF,LAD,OF,192366818,PHI
Darin Ruf,1275000,2.905,RP,SFG,RP,192366818,PHI
Austin Slater,1150000,1.495,RP,SFG,RP,192366818,PHI
David Peralta,7500000,1.335,RP,ARI,RP,192366818,PHI
Matt Duffy,1000000,1.22,RP,CHC,RP,192366818,PHI
Jace Peterson,570500,0.775,RP,MIL,RP,192366818,PHI
Max Fried,3500000,0.734534161,SP,ATL,SP,192366818,PHI
German Marquez,7800000,0.729503106,SP,COL,SP,192366818,PHI
Joe Ross,1500000,0.44,SP,WSN,SP,192366818,PHI
Julio Urias,3600000,0.36,SP,LAD,SP,192366818,PHI
Jack Flaherty,3900000,0.32,SP,STL,SP,192366818,PHI
Juan Soto,8500000,7.06,RF,WSN,OF,189586134,HOU
Fernando Tatis Jr.,1714286,6.96,SS,SDP,IF,189586134,HOU
Carlos Correa,11700000,6.765,SS,HOU,IF,189586134,HOU
Marcus Semien,18000000,6.725,2B,TOR,IF,189586134,HOU
Jose Ramirez,9400000,6.615,3B,CLE,IF,189586134,HOU
Bryce Harper,27538462,6.23,RF,PHI,OF,189586134,HOU
Aaron Judge,10175000,5.72,RF,NYY,OF,189586134,HOU
Matt Olson,5000000,5.355,1B,OAK,IF,189586134,HOU
Shohei Ohtani,3000000,5.015,DH,LAA,DH,189586134,HOU
Enrique Hernandez,6000000,4.485,CF,BOS,OF,189586134,HOU
Salvador Perez,14200000,4.345,C,KCR,C,189586134,HOU
Mike Zunino,2000000,4.125,C,TBR,C,189586134,HOU
Will Smith,13000000,4.04,RP,LAD,RP,189586134,HOU
Justin Turner,12000000,3.995,RP,LAD,RP,189586134,HOU
AJ Pollock,18000000,3.08,LF,LAD,OF,189586134,HOU
Darin Ruf,1275000,2.905,RP,SFG,RP,189586134,HOU
Austin Slater,1150000,1.495,RP,SFG,RP,189586134,HOU
David Peralta,7500000,1.335,RP,ARI,RP,189586134,HOU
Matt Duffy,1000000,1.22,RP,CHC,RP,189586134,HOU
Jace Peterson,570500,0.775,RP,MIL,RP,189586134,HOU
Max Fried,3500000,0.734534161,SP,ATL,SP,189586134,HOU
German Marquez,7800000,0.729503106,SP,COL,SP,189586134,HOU
Joe Ross,1500000,0.44,SP,WSN,SP,189586134,HOU
Jack Flaherty,3900000,0.32,SP,STL,SP,189586134,HOU
Chi Chi Gonzalez,1100000,0.035217391,SP,COL,SP,189586134,HOU
Juan Soto,8500000,7.06,RF,WSN,OF,187356913,BOS
Fernando Tatis Jr.,1714286,6.96,SS,SDP,IF,187356913,BOS
Carlos Correa,11700000,6.765,SS,HOU,IF,187356913,BOS
Marcus Semien,18000000,6.725,2B,TOR,IF,187356913,BOS
Jose Ramirez,9400000,6.615,3B,CLE,IF,187356913,BOS
Bryce Harper,27538462,6.23,RF,PHI,OF,187356913,BOS
Aaron Judge,10175000,5.72,RF,NYY,OF,187356913,BOS
Matt Olson,5000000,5.355,1B,OAK,IF,187356913,BOS
Shohei Ohtani,3000000,5.015,DH,LAA,DH,187356913,BOS
Enrique Hernandez,6000000,4.485,CF,BOS,OF,187356913,BOS
Buster Posey,22177778,4.18,C,SFG,C,187356913,BOS
Mike Zunino,2000000,4.125,C,TBR,C,187356913,BOS
Will Smith,13000000,4.04,RP,LAD,RP,187356913,BOS
Justin Turner,12000000,3.995,RP,LAD,RP,187356913,BOS
Darin Ruf,1275000,2.905,RP,SFG,RP,187356913,BOS
Jesse Winker,3150000,2.865,LF,CIN,OF,187356913,BOS
Austin Slater,1150000,1.495,RP,SFG,RP,187356913,BOS
David Peralta,7500000,1.335,RP,ARI,RP,187356913,BOS
Matt Duffy,1000000,1.22,RP,CHC,RP,187356913,BOS
Jace Peterson,570500,0.775,RP,MIL,RP,187356913,BOS
Max Fried,3500000,0.734534161,SP,ATL,SP,187356913,BOS
German Marquez,7800000,0.729503106,SP,COL,SP,187356913,BOS
Joe Ross,1500000,0.44,SP,WSN,SP,187356913,BOS
Julio Urias,3600000,0.36,SP,LAD,SP,187356913,BOS
Jack Flaherty,3900000,0.32,SP,STL,SP,187356913,BOS
Juan Soto,8500000,7.06,RF,WSN,OF,184125634,SDP
Fernando Tatis Jr.,1714286,6.96,SS,SDP,IF,184125634,SDP
Carlos Correa,11700000,6.765,SS,HOU,IF,184125634,SDP
Marcus Semien,18000000,6.725,2B,TOR,IF,184125634,SDP
Jose Ramirez,9400000,6.615,3B,CLE,IF,184125634,SDP
Bryce Harper,27538462,6.23,RF,PHI,OF,184125634,SDP
Aaron Judge,10175000,5.72,RF,NYY,OF,184125634,SDP
Matt Olson,5000000,5.355,1B,OAK,IF,184125634,SDP
Starling Marte,12500000,5.115,CF,MIA,OF,184125634,SDP
Shohei Ohtani,3000000,5.015,DH,LAA,DH,184125634,SDP
Salvador Perez,14200000,4.345,C,KCR,C,184125634,SDP
Mike Zunino,2000000,4.125,C,TBR,C,184125634,SDP
Will Smith,13000000,4.04,RP,LAD,RP,184125634,SDP
Justin Turner,12000000,3.995,RP,LAD,RP,184125634,SDP
Darin Ruf,1275000,2.905,RP,SFG,RP,184125634,SDP
Jesse Winker,3150000,2.865,LF,CIN,OF,184125634,SDP
Austin Slater,1150000,1.495,RP,SFG,RP,184125634,SDP
David Peralta,7500000,1.335,RP,ARI,RP,184125634,SDP
Matt Duffy,1000000,1.22,RP,CHC,RP,184125634,SDP
Jace Peterson,570500,0.775,RP,MIL,RP,184125634,SDP
Max Fried,3500000,0.734534161,SP,ATL,SP,184125634,SDP
German Marquez,7800000,0.729503106,SP,COL,SP,184125634,SDP
Joe Ross,1500000,0.44,SP,WSN,SP,184125634,SDP
Julio Urias,3600000,0.36,SP,LAD,SP,184125634,SDP
Jack Flaherty,3900000,0.32,SP,STL,SP,184125634,SDP
Juan Soto,8500000,7.06,RF,WSN,OF,182925936,LAA
Fernando Tatis Jr.,1714286,6.96,SS,SDP,IF,182925936,LAA
Carlos Correa,11700000,6.765,SS,HOU,IF,182925936,LAA
Marcus Semien,18000000,6.725,2B,TOR,IF,182925936,LAA
Jose Ramirez,9400000,6.615,3B,CLE,IF,182925936,LAA
Bryce Harper,27538462,6.23,RF,PHI,OF,182925936,LAA
Aaron Judge,10175000,5.72,RF,NYY,OF,182925936,LAA
Matt Olson,5000000,5.355,1B,OAK,IF,182925936,LAA
Shohei Ohtani,3000000,5.015,DH,LAA,DH,182925936,LAA
Enrique Hernandez,6000000,4.485,CF,BOS,OF,182925936,LAA
Salvador Perez,14200000,4.345,C,KCR,C,182925936,LAA
Mike Zunino,2000000,4.125,C,TBR,C,182925936,LAA
Will Smith,13000000,4.04,RP,LAD,RP,182925936,LAA
Justin Turner,12000000,3.995,RP,LAD,RP,182925936,LAA
Kyle Schwarber,7000000,2.98,LF,WSN,OF,182925936,LAA
Darin Ruf,1275000,2.905,RP,SFG,RP,182925936,LAA
Austin Slater,1150000,1.495,RP,SFG,RP,182925936,LAA
David Peralta,7500000,1.335,RP,ARI,RP,182925936,LAA
Matt Duffy,1000000,1.22,RP,CHC,RP,182925936,LAA
Jace Peterson,570500,0.775,RP,MIL,RP,182925936,LAA
Max Fried,3500000,0.734534161,SP,ATL,SP,182925936,LAA
German Marquez,7800000,0.729503106,SP,COL,SP,182925936,LAA
Joe Ross,1500000,0.44,SP,WSN,SP,182925936,LAA
Julio Urias,3600000,0.36,SP,LAD,SP,182925936,LAA
Jack Flaherty,3900000,0.32,SP,STL,SP,182925936,LAA
Juan Soto,8500000,7.06,RF,WSN,OF,168923070,STL
Fernando Tatis Jr.,1714286,6.96,SS,SDP,IF,168923070,STL
Carlos Correa,11700000,6.765,SS,HOU,IF,168923070,STL
Marcus Semien,18000000,6.725,2B,TOR,IF,168923070,STL
Jose Ramirez,9400000,6.615,3B,CLE,IF,168923070,STL
Bryce Harper,27538462,6.23,RF,PHI,OF,168923070,STL
Aaron Judge,10175000,5.72,RF,NYY,OF,168923070,STL
Matt Olson,5000000,5.355,1B,OAK,IF,168923070,STL
Shohei Ohtani,3000000,5.015,DH,LAA,DH,168923070,STL
Enrique Hernandez,6000000,4.485,CF,BOS,OF,168923070,STL
Mike Zunino,2000000,4.125,C,TBR,C,168923070,STL
Will Smith,13000000,4.04,RP,LAD,RP,168923070,STL
Justin Turner,12000000,3.995,RP,LAD,RP,168923070,STL
Kyle Schwarber,7000000,2.98,LF,WSN,OF,168923070,STL
Darin Ruf,1275000,2.905,RP,SFG,RP,168923070,STL
Jacob Stallings,1300000,2.81,C,PIT,C,168923070,STL
Austin Slater,1150000,1.495,RP,SFG,RP,168923070,STL
David Peralta,7500000,1.335,RP,ARI,RP,168923070,STL
Matt Duffy,1000000,1.22,RP,CHC,RP,168923070,STL
Jace Peterson,570500,0.775,RP,MIL,RP,168923070,STL
Max Fried,3500000,0.734534161,SP,ATL,SP,168923070,STL
German Marquez,7800000,0.729503106,SP,COL,SP,168923070,STL
Joe Ross,1500000,0.44,SP,WSN,SP,168923070,STL
Julio Urias,3600000,0.36,SP,LAD,SP,168923070,STL
Andrew Albers,100000,0,SP,MIN,SP,168923070,STL
Juan Soto,8500000,7.06,RF,WSN,OF,168252361,WSN
Fernando Tatis Jr.,1714286,6.96,SS,SDP,IF,168252361,WSN
Carlos Correa,11700000,6.765,SS,HOU,IF,168252361,WSN
Marcus Semien,18000000,6.725,2B,TOR,IF,168252361,WSN
Jose Ramirez,9400000,6.615,3B,CLE,IF,168252361,WSN
Bryce Harper,27538462,6.23,RF,PHI,OF,168252361,WSN
Aaron Judge,10175000,5.72,RF,NYY,OF,168252361,WSN
Matt Olson,5000000,5.355,1B,OAK,IF,168252361,WSN
Shohei Ohtani,3000000,5.015,DH,LAA,DH,168252361,WSN
Enrique Hernandez,6000000,4.485,CF,BOS,OF,168252361,WSN
Mike Zunino,2000000,4.125,C,TBR,C,168252361,WSN
Will Smith,13000000,4.04,RP,LAD,RP,168252361,WSN
Justin Turner,12000000,3.995,RP,LAD,RP,168252361,WSN
Kyle Schwarber,7000000,2.98,LF,WSN,OF,168252361,WSN
Darin Ruf,1275000,2.905,RP,SFG,RP,168252361,WSN
Jacob Stallings,1300000,2.81,C,PIT,C,168252361,WSN
Austin Slater,1150000,1.495,RP,SFG,RP,168252361,WSN
David Peralta,7500000,1.335,RP,ARI,RP,168252361,WSN
Matt Duffy,1000000,1.22,RP,CHC,RP,168252361,WSN
Jace Peterson,570500,0.775,RP,MIL,RP,168252361,WSN
Max Fried,3500000,0.734534161,SP,ATL,SP,168252361,WSN
German Marquez,7800000,0.729503106,SP,COL,SP,168252361,WSN
Joe Ross,1500000,0.44,SP,WSN,SP,168252361,WSN
Julio Urias,3600000,0.36,SP,LAD,SP,168252361,WSN
Andrew Albers,100000,0,SP,MIN,SP,168252361,WSN
Juan Soto,8500000,7.06,RF,WSN,OF,165869140,SFG
Fernando Tatis Jr.,1714286,6.96,SS,SDP,IF,165869140,SFG
Carlos Correa,11700000,6.765,SS,HOU,IF,165869140,SFG
Marcus Semien,18000000,6.725,2B,TOR,IF,165869140,SFG
Jose Ramirez,9400000,6.615,3B,CLE,IF,165869140,SFG
Bryce Harper,27538462,6.23,RF,PHI,OF,165869140,SFG
Aaron Judge,10175000,5.72,RF,NYY,OF,165869140,SFG
Matt Olson,5000000,5.355,1B,OAK,IF,165869140,SFG
Shohei Ohtani,3000000,5.015,DH,LAA,DH,165869140,SFG
Enrique Hernandez,6000000,4.485,CF,BOS,OF,165869140,SFG
Mike Zunino,2000000,4.125,C,TBR,C,165869140,SFG
Will Smith,13000000,4.04,RP,LAD,RP,165869140,SFG
Justin Turner,12000000,3.995,RP,LAD,RP,165869140,SFG
Kyle Schwarber,7000000,2.98,LF,WSN,OF,165869140,SFG
Darin Ruf,1275000,2.905,RP,SFG,RP,165869140,SFG
Jacob Stallings,1300000,2.81,C,PIT,C,165869140,SFG
Austin Slater,1150000,1.495,RP,SFG,RP,165869140,SFG
David Peralta,7500000,1.335,RP,ARI,RP,165869140,SFG
Matt Duffy,1000000,1.22,RP,CHC,RP,165869140,SFG
Jace Peterson,570500,0.775,RP,MIL,RP,165869140,SFG
Max Fried,3500000,0.734534161,SP,ATL,SP,165869140,SFG
German Marquez,7800000,0.729503106,SP,COL,SP,165869140,SFG
Joe Ross,1500000,0.44,SP,WSN,SP,165869140,SFG
Julio Urias,3600000,0.36,SP,LAD,SP,165869140,SFG
Andrew Albers,100000,0,SP,MIN,SP,165869140,SFG
Juan Soto,8500000,7.06,RF,WSN,OF,152261601,TOR
Fernando Tatis Jr.,1714286,6.96,SS,SDP,IF,152261601,TOR
Carlos Correa,11700000,6.765,SS,HOU,IF,152261601,TOR
Marcus Semien,18000000,6.725,2B,TOR,IF,152261601,TOR
Jose Ramirez,9400000,6.615,3B,CLE,IF,152261601,TOR
Aaron Judge,10175000,5.72,RF,NYY,OF,152261601,TOR
Matt Olson,5000000,5.355,1B,OAK,IF,152261601,TOR
Shohei Ohtani,3000000,5.015,DH,LAA,DH,152261601,TOR
Joey Gallo,6200000,4.525,RF,TEX,OF,152261601,TOR
Enrique Hernandez,6000000,4.485,CF,BOS,OF,152261601,TOR
Salvador Perez,14200000,4.345,C,KCR,C,152261601,TOR
Mike Zunino,2000000,4.125,C,TBR,C,152261601,TOR
Will Smith,13000000,4.04,RP,LAD,RP,152261601,TOR
Justin Turner,12000000,3.995,RP,LAD,RP,152261601,TOR
Darin Ruf,1275000,2.905,RP,SFG,RP,152261601,TOR
Jesse Winker,3150000,2.865,LF,CIN,OF,152261601,TOR
Austin Slater,1150000,1.495,RP,SFG,RP,152261601,TOR
David Peralta,7500000,1.335,RP,ARI,RP,152261601,TOR
Matt Duffy,1000000,1.22,RP,CHC,RP,152261601,TOR
Jace Peterson,570500,0.775,RP,MIL,RP,152261601,TOR
Max Fried,3500000,0.734534161,SP,ATL,SP,152261601,TOR
German Marquez,7800000,0.729503106,SP,COL,SP,152261601,TOR
Joe Ross,1500000,0.44,SP,WSN,SP,152261601,TOR
Julio Urias,3600000,0.36,SP,LAD,SP,152261601,TOR
Andrew Albers,100000,0,SP,MIN,SP,152261601,TOR
Juan Soto,8500000,7.06,RF,WSN,OF,152189618,CHC
Fernando Tatis Jr.,1714286,6.96,SS,SDP,IF,152189618,CHC
Carlos Correa,11700000,6.765,SS,HOU,IF,152189618,CHC
Marcus Semien,18000000,6.725,2B,TOR,IF,152189618,CHC
Jose Ramirez,9400000,6.615,3B,CLE,IF,152189618,CHC
Aaron Judge,10175000,5.72,RF,NYY,OF,152189618,CHC
Matt Olson,5000000,5.355,1B,OAK,IF,152189618,CHC
Shohei Ohtani,3000000,5.015,DH,LAA,DH,152189618,CHC
Joey Gallo,6200000,4.525,RF,TEX,OF,152189618,CHC
Enrique Hernandez,6000000,4.485,CF,BOS,OF,152189618,CHC
Salvador Perez,14200000,4.345,C,KCR,C,152189618,CHC
Mike Zunino,2000000,4.125,C,TBR,C,152189618,CHC
Will Smith,13000000,4.04,RP,LAD,RP,152189618,CHC
Justin Turner,12000000,3.995,RP,LAD,RP,152189618,CHC
Darin Ruf,1275000,2.905,RP,SFG,RP,152189618,CHC
Jesse Winker,3150000,2.865,LF,CIN,OF,152189618,CHC
Austin Slater,1150000,1.495,RP,SFG,RP,152189618,CHC
David Peralta,7500000,1.335,RP,ARI,RP,152189618,CHC
Matt Duffy,1000000,1.22,RP,CHC,RP,152189618,CHC
Jace Peterson,570500,0.775,RP,MIL,RP,152189618,CHC
Max Fried,3500000,0.734534161,SP,ATL,SP,152189618,CHC
German Marquez,7800000,0.729503106,SP,COL,SP,152189618,CHC
Joe Ross,1500000,0.44,SP,WSN,SP,152189618,CHC
Julio Urias,3600000,0.36,SP,LAD,SP,152189618,CHC
Andrew Albers,100000,0,SP,MIN,SP,152189618,CHC
Juan Soto,8500000,7.06,RF,WSN,OF,148497447,ATL
Fernando Tatis Jr.,1714286,6.96,SS,SDP,IF,148497447,ATL
Carlos Correa,11700000,6.765,SS,HOU,IF,148497447,ATL
Marcus Semien,18000000,6.725,2B,TOR,IF,148497447,ATL
Jose Ramirez,9400000,6.615,3B,CLE,IF,148497447,ATL
Aaron Judge,10175000,5.72,RF,NYY,OF,148497447,ATL
Matt Olson,5000000,5.355,1B,OAK,IF,148497447,ATL
Shohei Ohtani,3000000,5.015,DH,LAA,DH,148497447,ATL
Joey Gallo,6200000,4.525,RF,TEX,OF,148497447,ATL
Enrique Hernandez,6000000,4.485,CF,BOS,OF,148497447,ATL
Salvador Perez,14200000,4.345,C,KCR,C,148497447,ATL
Mike Zunino,2000000,4.125,C,TBR,C,148497447,ATL
Will Smith,13000000,4.04,RP,LAD,RP,148497447,ATL
Justin Turner,12000000,3.995,RP,LAD,RP,148497447,ATL
Darin Ruf,1275000,2.905,RP,SFG,RP,148497447,ATL
Jesse Winker,3150000,2.865,LF,CIN,OF,148497447,ATL
Austin Slater,1150000,1.495,RP,SFG,RP,148497447,ATL
David Peralta,7500000,1.335,RP,ARI,RP,148497447,ATL
Matt Duffy,1000000,1.22,RP,CHC,RP,148497447,ATL
Max Fried,3500000,0.734534161,SP,ATL,SP,148497447,ATL
German Marquez,7800000,0.729503106,SP,COL,SP,148497447,ATL
Joe Ross,1500000,0.44,SP,WSN,SP,148497447,ATL
Andy Burns,100000,0.05,RP,LAD,RP,148497447,ATL
Andrew Albers,100000,0,SP,MIN,SP,148497447,ATL
Asher Wojciechowski,100000,0,SP,NYY,SP,148497447,ATL
Juan Soto,8500000,7.06,RF,WSN,OF,141908402,CHW
Fernando Tatis Jr.,1714286,6.96,SS,SDP,IF,141908402,CHW
Carlos Correa,11700000,6.765,SS,HOU,IF,141908402,CHW
Marcus Semien,18000000,6.725,2B,TOR,IF,141908402,CHW
Jose Ramirez,9400000,6.615,3B,CLE,IF,141908402,CHW
Aaron Judge,10175000,5.72,RF,NYY,OF,141908402,CHW
Matt Olson,5000000,5.355,1B,OAK,IF,141908402,CHW
Shohei Ohtani,3000000,5.015,DH,LAA,DH,141908402,CHW
Enrique Hernandez,6000000,4.485,CF,BOS,OF,141908402,CHW
Salvador Perez,14200000,4.345,C,KCR,C,141908402,CHW
Byron Buxton,5125000,4.32,CF,MIN,OF,141908402,CHW
Mike Zunino,2000000,4.125,C,TBR,C,141908402,CHW
Will Smith,13000000,4.04,RP,LAD,RP,141908402,CHW
Justin Turner,12000000,3.995,RP,LAD,RP,141908402,CHW
Darin Ruf,1275000,2.905,RP,SFG,RP,141908402,CHW
Jesse Winker,3150000,2.865,LF,CIN,OF,141908402,CHW
Austin Slater,1150000,1.495,RP,SFG,RP,141908402,CHW
David Peralta,7500000,1.335,RP,ARI,RP,141908402,CHW
Matt Duffy,1000000,1.22,RP,CHC,RP,141908402,CHW
Jace Peterson,570500,0.775,RP,MIL,RP,141908402,CHW
Max Fried,3500000,0.734534161,SP,ATL,SP,141908402,CHW
Julio Urias,3600000,0.36,SP,LAD,SP,141908402,CHW
Zack Godley,100000,0.01,SP,MIL,SP,141908402,CHW
Andrew Albers,100000,0,SP,MIN,SP,141908402,CHW
Asher Wojciechowski,100000,0,SP,NYY,SP,141908402,CHW
Juan Soto,8500000,7.06,RF,WSN,OF,131309602,CIN
Fernando Tatis Jr.,1714286,6.96,SS,SDP,IF,131309602,CIN
Carlos Correa,11700000,6.765,SS,HOU,IF,131309602,CIN
Jose Ramirez,9400000,6.615,3B,CLE,IF,131309602,CIN
Aaron Judge,10175000,5.72,RF,NYY,OF,131309602,CIN
Matt Olson,5000000,5.355,1B,OAK,IF,131309602,CIN
Starling Marte,12500000,5.115,CF,MIA,OF,131309602,CIN
Shohei Ohtani,3000000,5.015,DH,LAA,DH,131309602,CIN
Brandon Lowe,2500000,4.79,2B,TBR,IF,131309602,CIN
Joey Gallo,6200000,4.525,RF,TEX,OF,131309602,CIN
Mike Zunino,2000000,4.125,C,TBR,C,131309602,CIN
Will Smith,13000000,4.04,RP,LAD,RP,131309602,CIN
Justin Turner,12000000,3.995,RP,LAD,RP,131309602,CIN
Darin Ruf,1275000,2.905,RP,SFG,RP,131309602,CIN
Jesse Winker,3150000,2.865,LF,CIN,OF,131309602,CIN
Jacob Stallings,1300000,2.81,C,PIT,C,131309602,CIN
Austin Slater,1150000,1.495,RP,SFG,RP,131309602,CIN
David Peralta,7500000,1.335,RP,ARI,RP,131309602,CIN
Matt Duffy,1000000,1.22,RP,CHC,RP,131309602,CIN
Jace Peterson,570500,0.775,RP,MIL,RP,131309602,CIN
Max Fried,3500000,0.734534161,SP,ATL,SP,131309602,CIN
German Marquez,7800000,0.729503106,SP,COL,SP,131309602,CIN
Julio Urias,3600000,0.36,SP,LAD,SP,131309602,CIN
Andrew Albers,100000,0,SP,MIN,SP,131309602,CIN
Asher Wojciechowski,100000,0,SP,NYY,SP,131309602,CIN
Juan Soto,8500000,7.06,RF,WSN,OF,125983176,MIN
Fernando Tatis Jr.,1714286,6.96,SS,SDP,IF,125983176,MIN
Carlos Correa,11700000,6.765,SS,HOU,IF,125983176,MIN
Jose Ramirez,9400000,6.615,3B,CLE,IF,125983176,MIN
Aaron Judge,10175000,5.72,RF,NYY,OF,125983176,MIN
Matt Olson,5000000,5.355,1B,OAK,IF,125983176,MIN
Shohei Ohtani,3000000,5.015,DH,LAA,DH,125983176,MIN
Brandon Lowe,2500000,4.79,2B,TBR,IF,125983176,MIN
Joey Gallo,6200000,4.525,RF,TEX,OF,125983176,MIN
Enrique Hernandez,6000000,4.485,CF,BOS,OF,125983176,MIN
Mike Zunino,2000000,4.125,C,TBR,C,125983176,MIN
Will Smith,13000000,4.04,RP,LAD,RP,125983176,MIN
Justin Turner,12000000,3.995,RP,LAD,RP,125983176,MIN
Darin Ruf,1275000,2.905,RP,SFG,RP,125983176,MIN
Jesse Winker,3150000,2.865,LF,CIN,OF,125983176,MIN
Jacob Stallings,1300000,2.81,C,PIT,C,125983176,MIN
Austin Slater,1150000,1.495,RP,SFG,RP,125983176,MIN
David Peralta,7500000,1.335,RP,ARI,RP,125983176,MIN
Matt Duffy,1000000,1.22,RP,CHC,RP,125983176,MIN
Jace Peterson,570500,0.775,RP,MIL,RP,125983176,MIN
Max Fried,3500000,0.734534161,SP,ATL,SP,125983176,MIN
German Marquez,7800000,0.729503106,SP,COL,SP,125983176,MIN
Julio Urias,3600000,0.36,SP,LAD,SP,125983176,MIN
Andrew Albers,100000,0,SP,MIN,SP,125983176,MIN
Asher Wojciechowski,100000,0,SP,NYY,SP,125983176,MIN
Juan Soto,8500000,7.06,RF,WSN,OF,119908394,COL
Fernando Tatis Jr.,1714286,6.96,SS,SDP,IF,119908394,COL
Carlos Correa,11700000,6.765,SS,HOU,IF,119908394,COL
Jose Ramirez,9400000,6.615,3B,CLE,IF,119908394,COL
Aaron Judge,10175000,5.72,RF,NYY,OF,119908394,COL
Matt Olson,5000000,5.355,1B,OAK,IF,119908394,COL
Shohei Ohtani,3000000,5.015,DH,LAA,DH,119908394,COL
Brandon Lowe,2500000,4.79,2B,TBR,IF,119908394,COL
Joey Gallo,6200000,4.525,RF,TEX,OF,119908394,COL
Enrique Hernandez,6000000,4.485,CF,BOS,OF,119908394,COL
Mike Zunino,2000000,4.125,C,TBR,C,119908394,COL
Will Smith,13000000,4.04,RP,LAD,RP,119908394,COL
Justin Turner,12000000,3.995,RP,LAD,RP,119908394,COL
Darin Ruf,1275000,2.905,RP,SFG,RP,119908394,COL
Jesse Winker,3150000,2.865,LF,CIN,OF,119908394,COL
Jacob Stallings,1300000,2.81,C,PIT,C,119908394,COL
Austin Slater,1150000,1.495,RP,SFG,RP,119908394,COL
David Peralta,7500000,1.335,RP,ARI,RP,119908394,COL
Matt Duffy,1000000,1.22,RP,CHC,RP,119908394,COL
Max Fried,3500000,0.734534161,SP,ATL,SP,119908394,COL
German Marquez,7800000,0.729503106,SP,COL,SP,119908394,COL
Joe Ross,1500000,0.44,SP,WSN,SP,119908394,COL
Andy Burns,100000,0.05,RP,LAD,RP,119908394,COL
Andrew Albers,100000,0,SP,MIN,SP,119908394,COL
Asher Wojciechowski,100000,0,SP,NYY,SP,119908394,COL
Juan Soto,8500000,7.06,RF,WSN,OF,105991594,MIL
Fernando Tatis Jr.,1714286,6.96,SS,SDP,IF,105991594,MIL
Carlos Correa,11700000,6.765,SS,HOU,IF,105991594,MIL
Jose Ramirez,9400000,6.615,3B,CLE,IF,105991594,MIL
Aaron Judge,10175000,5.72,RF,NYY,OF,105991594,MIL
Matt Olson,5000000,5.355,1B,OAK,IF,105991594,MIL
Shohei Ohtani,3000000,5.015,DH,LAA,DH,105991594,MIL
Brandon Lowe,2500000,4.79,2B,TBR,IF,105991594,MIL
Byron Buxton,5125000,4.32,CF,MIN,OF,105991594,MIL
Mike Zunino,2000000,4.125,C,TBR,C,105991594,MIL
Will Smith,13000000,4.04,RP,LAD,RP,105991594,MIL
Justin Turner,12000000,3.995,RP,LAD,RP,105991594,MIL
Harrison Bader,2000000,3.595,CF,STL,OF,105991594,MIL
Darin Ruf,1275000,2.905,RP,SFG,RP,105991594,MIL
Jesse Winker,3150000,2.865,LF,CIN,OF,105991594,MIL
Jacob Stallings,1300000,2.81,C,PIT,C,105991594,MIL
Austin Slater,1150000,1.495,RP,SFG,RP,105991594,MIL
David Peralta,7500000,1.335,RP,ARI,RP,105991594,MIL
Matt Duffy,1000000,1.22,RP,CHC,RP,105991594,MIL
Jace Peterson,570500,0.775,RP,MIL,RP,105991594,MIL
Max Fried,3500000,0.734534161,SP,ATL,SP,105991594,MIL
Zack Godley,100000,0.01,SP,MIL,SP,105991594,MIL
Andrew Albers,100000,0,SP,MIN,SP,105991594,MIL
Asher Wojciechowski,100000,0,SP,NYY,SP,105991594,MIL
Scott Kazmir,100000,-0.02,SP,SFG,SP,105991594,MIL
Juan Soto,8500000,7.06,RF,WSN,OF,104310488,TEX
Fernando Tatis Jr.,1714286,6.96,SS,SDP,IF,104310488,TEX
Carlos Correa,11700000,6.765,SS,HOU,IF,104310488,TEX
Jose Ramirez,9400000,6.615,3B,CLE,IF,104310488,TEX
Aaron Judge,10175000,5.72,RF,NYY,OF,104310488,TEX
Matt Olson,5000000,5.355,1B,OAK,IF,104310488,TEX
Shohei Ohtani,3000000,5.015,DH,LAA,DH,104310488,TEX
Brandon Lowe,2500000,4.79,2B,TBR,IF,104310488,TEX
Enrique Hernandez,6000000,4.485,CF,BOS,OF,104310488,TEX
Byron Buxton,5125000,4.32,CF,MIN,OF,104310488,TEX
Mike Zunino,2000000,4.125,C,TBR,C,104310488,TEX
Will Smith,13000000,4.04,RP,LAD,RP,104310488,TEX
Justin Turner,12000000,3.995,RP,LAD,RP,104310488,TEX
Darin Ruf,1275000,2.905,RP,SFG,RP,104310488,TEX
Jesse Winker,3150000,2.865,LF,CIN,OF,104310488,TEX
Jacob Stallings,1300000,2.81,C,PIT,C,104310488,TEX
Austin Slater,1150000,1.495,RP,SFG,RP,104310488,TEX
Matt Duffy,1000000,1.22,RP,CHC,RP,104310488,TEX
Jace Peterson,570500,0.775,RP,MIL,RP,104310488,TEX
Max Fried,3500000,0.734534161,SP,ATL,SP,104310488,TEX
Andy Burns,100000,0.05,RP,LAD,RP,104310488,TEX
Chi Chi Gonzalez,1100000,0.035217391,SP,COL,SP,104310488,TEX
Zack Godley,100000,0.01,SP,MIL,SP,104310488,TEX
Andrew Albers,100000,0,SP,MIN,SP,104310488,TEX
Asher Wojciechowski,100000,0,SP,NYY,SP,104310488,TEX
Juan Soto,8500000,7.06,RF,WSN,OF,99951436,ARI
Fernando Tatis Jr.,1714286,6.96,SS,SDP,IF,99951436,ARI
Carlos Correa,11700000,6.765,SS,HOU,IF,99951436,ARI
Jose Ramirez,9400000,6.615,3B,CLE,IF,99951436,ARI
Aaron Judge,10175000,5.72,RF,NYY,OF,99951436,ARI
Matt Olson,5000000,5.355,1B,OAK,IF,99951436,ARI
Shohei Ohtani,3000000,5.015,DH,LAA,DH,99951436,ARI
Brandon Lowe,2500000,4.79,2B,TBR,IF,99951436,ARI
Enrique Hernandez,6000000,4.485,CF,BOS,OF,99951436,ARI
Byron Buxton,5125000,4.32,CF,MIN,OF,99951436,ARI
Mike Zunino,2000000,4.125,C,TBR,C,99951436,ARI
Will Smith,13000000,4.04,RP,LAD,RP,99951436,ARI
Justin Turner,12000000,3.995,RP,LAD,RP,99951436,ARI
Darin Ruf,1275000,2.905,RP,SFG,RP,99951436,ARI
Jesse Winker,3150000,2.865,LF,CIN,OF,99951436,ARI
Jacob Stallings,1300000,2.81,C,PIT,C,99951436,ARI
Austin Slater,1150000,1.495,RP,SFG,RP,99951436,ARI
Matt Duffy,1000000,1.22,RP,CHC,RP,99951436,ARI
Jace Peterson,570500,0.775,RP,MIL,RP,99951436,ARI
Zack Godley,100000,0.01,SP,MIL,SP,99951436,ARI
AJ Ramos,100000,0,RP,LAA,RP,99951436,ARI
Andrew Albers,100000,0,SP,MIN,SP,99951436,ARI
Asher Wojciechowski,100000,0,SP,NYY,SP,99951436,ARI
Scott Kazmir,100000,-0.02,SP,SFG,SP,99951436,ARI
Wade LeBlanc,700000,-0.12,SP,STL,SP,99951436,ARI
Juan Soto,8500000,7.06,RF,WSN,OF,94475853,KCR
Fernando Tatis Jr.,1714286,6.96,SS,SDP,IF,94475853,KCR
Carlos Correa,11700000,6.765,SS,HOU,IF,94475853,KCR
Jose Ramirez,9400000,6.615,3B,CLE,IF,94475853,KCR
Aaron Judge,10175000,5.72,RF,NYY,OF,94475853,KCR
Matt Olson,5000000,5.355,1B,OAK,IF,94475853,KCR
Shohei Ohtani,3000000,5.015,DH,LAA,DH,94475853,KCR
Brandon Lowe,2500000,4.79,2B,TBR,IF,94475853,KCR
Mike Zunino,2000000,4.125,C,TBR,C,94475853,KCR
Will Smith,13000000,4.04,RP,LAD,RP,94475853,KCR
Justin Turner,12000000,3.995,RP,LAD,RP,94475853,KCR
Harrison Bader,2000000,3.595,CF,STL,OF,94475853,KCR
Luis Robert,3500000,3.495,CF,CHW,OF,94475853,KCR
Darin Ruf,1275000,2.905,RP,SFG,RP,94475853,KCR
Jesse Winker,3150000,2.865,LF,CIN,OF,94475853,KCR
Jacob Stallings,1300000,2.81,C,PIT,C,94475853,KCR
Austin Slater,1150000,1.495,RP,SFG,RP,94475853,KCR
Matt Duffy,1000000,1.22,RP,CHC,RP,94475853,KCR
Jace Peterson,570500,0.775,RP,MIL,RP,94475853,KCR
Zack Godley,100000,0.01,SP,MIL,SP,94475853,KCR
AJ Ramos,100000,0,RP,LAA,RP,94475853,KCR
Andrew Albers,100000,0,SP,MIN,SP,94475853,KCR
Asher Wojciechowski,100000,0,SP,NYY,SP,94475853,KCR
Scott Kazmir,100000,-0.02,SP,SFG,SP,94475853,KCR
Wade LeBlanc,700000,-0.12,SP,STL,SP,94475853,KCR
Juan Soto,8500000,7.06,RF,WSN,OF,93650276,SEA
Fernando Tatis Jr.,1714286,6.96,SS,SDP,IF,93650276,SEA
Jose Ramirez,9400000,6.615,3B,CLE,IF,93650276,SEA
Aaron Judge,10175000,5.72,RF,NYY,OF,93650276,SEA
Matt Olson,5000000,5.355,1B,OAK,IF,93650276,SEA
Shohei Ohtani,3000000,5.015,DH,LAA,DH,93650276,SEA
Brandon Lowe,2500000,4.79,2B,TBR,IF,93650276,SEA
Jorge Polanco,4333333,4.51,2B,MIN,IF,93650276,SEA
Enrique Hernandez,6000000,4.485,CF,BOS,OF,93650276,SEA
Byron Buxton,5125000,4.32,CF,MIN,OF,93650276,SEA
Mike Zunino,2000000,4.125,C,TBR,C,93650276,SEA
Will Smith,13000000,4.04,RP,LAD,RP,93650276,SEA
Justin Turner,12000000,3.995,RP,LAD,RP,93650276,SEA
Darin Ruf,1275000,2.905,RP,SFG,RP,93650276,SEA
Jesse Winker,3150000,2.865,LF,CIN,OF,93650276,SEA
Jacob Stallings,1300000,2.81,C,PIT,C,93650276,SEA
Austin Slater,1150000,1.495,RP,SFG,RP,93650276,SEA
Matt Duffy,1000000,1.22,RP,CHC,RP,93650276,SEA
Jace Peterson,570500,0.775,RP,MIL,RP,93650276,SEA
Joe Ross,1500000,0.44,SP,WSN,SP,93650276,SEA
Andy Burns,100000,0.05,RP,LAD,RP,93650276,SEA
Zack Godley,100000,0.01,SP,MIL,SP,93650276,SEA
Andrew Albers,100000,0,SP,MIN,SP,93650276,SEA
Asher Wojciechowski,100000,0,SP,NYY,SP,93650276,SEA
Scott Kazmir,100000,-0.02,SP,SFG,SP,93650276,SEA
Juan Soto,8500000,7.06,RF,WSN,OF,90402244,OAK
Fernando Tatis Jr.,1714286,6.96,SS,SDP,IF,90402244,OAK
Carlos Correa,11700000,6.765,SS,HOU,IF,90402244,OAK
Jose Ramirez,9400000,6.615,3B,CLE,IF,90402244,OAK
Aaron Judge,10175000,5.72,RF,NYY,OF,90402244,OAK
Matt Olson,5000000,5.355,1B,OAK,IF,90402244,OAK
Shohei Ohtani,3000000,5.015,DH,LAA,DH,90402244,OAK
Brandon Lowe,2500000,4.79,2B,TBR,IF,90402244,OAK
Enrique Hernandez,6000000,4.485,CF,BOS,OF,90402244,OAK
Byron Buxton,5125000,4.32,CF,MIN,OF,90402244,OAK
Mike Zunino,2000000,4.125,C,TBR,C,90402244,OAK
Justin Turner,12000000,3.995,RP,LAD,RP,90402244,OAK
Darin Ruf,1275000,2.905,RP,SFG,RP,90402244,OAK
Jesse Winker,3150000,2.865,LF,CIN,OF,90402244,OAK
Jacob Stallings,1300000,2.81,C,PIT,C,90402244,OAK
Austin Slater,1150000,1.495,RP,SFG,RP,90402244,OAK
Matt Duffy,1000000,1.22,RP,CHC,RP,90402244,OAK
Jace Peterson,570500,0.775,RP,MIL,RP,90402244,OAK
Max Fried,3500000,0.734534161,SP,ATL,SP,90402244,OAK
Andy Burns,100000,0.05,RP,LAD,RP,90402244,OAK
Zack Godley,100000,0.01,SP,MIL,SP,90402244,OAK
AJ Ramos,100000,0,RP,LAA,RP,90402244,OAK
Andrew Albers,100000,0,SP,MIN,SP,90402244,OAK
Asher Wojciechowski,100000,0,SP,NYY,SP,90402244,OAK
Scott Kazmir,100000,-0.02,SP,SFG,SP,90402244,OAK
Juan Soto,8500000,7.06,RF,WSN,OF,86047409,DET
Fernando Tatis Jr.,1714286,6.96,SS,SDP,IF,86047409,DET
Carlos Correa,11700000,6.765,SS,HOU,IF,86047409,DET
Jose Ramirez,9400000,6.615,3B,CLE,IF,86047409,DET
Aaron Judge,10175000,5.72,RF,NYY,OF,86047409,DET
Matt Olson,5000000,5.355,1B,OAK,IF,86047409,DET
Shohei Ohtani,3000000,5.015,DH,LAA,DH,86047409,DET
Brandon Lowe,2500000,4.79,2B,TBR,IF,86047409,DET
Byron Buxton,5125000,4.32,CF,MIN,OF,86047409,DET
Mike Zunino,2000000,4.125,C,TBR,C,86047409,DET
Justin Turner,12000000,3.995,RP,LAD,RP,86047409,DET
Harrison Bader,2000000,3.595,CF,STL,OF,86047409,DET
Darin Ruf,1275000,2.905,RP,SFG,RP,86047409,DET
Jesse Winker,3150000,2.865,LF,CIN,OF,86047409,DET
Jacob Stallings,1300000,2.81,C,PIT,C,86047409,DET
Austin Slater,1150000,1.495,RP,SFG,RP,86047409,DET
Matt Duffy,1000000,1.22,RP,CHC,RP,86047409,DET
Jace Peterson,570500,0.775,RP,MIL,RP,86047409,DET
Hanser Alberto,1650000,0.485,RP,KCR,RP,86047409,DET
Joe Ross,1500000,0.44,SP,WSN,SP,86047409,DET
Andy Burns,100000,0.05,RP,LAD,RP,86047409,DET
Zack Godley,100000,0.01,SP,MIL,SP,86047409,DET
Andrew Albers,100000,0,SP,MIN,SP,86047409,DET
Asher Wojciechowski,100000,0,SP,NYY,SP,86047409,DET
Scott Kazmir,100000,-0.02,SP,SFG,SP,86047409,DET
Juan Soto,8500000,7.06,RF,WSN,OF,76856333,TBR
Fernando Tatis Jr.,1714286,6.96,SS,SDP,IF,76856333,TBR
Carlos Correa,11700000,6.765,SS,HOU,IF,76856333,TBR
Jose Ramirez,9400000,6.615,3B,CLE,IF,76856333,TBR
Matt Olson,5000000,5.355,1B,OAK,IF,76856333,TBR
Shohei Ohtani,3000000,5.015,DH,LAA,DH,76856333,TBR
Brandon Lowe,2500000,4.79,2B,TBR,IF,76856333,TBR
Byron Buxton,5125000,4.32,CF,MIN,OF,76856333,TBR
Mike Zunino,2000000,4.125,C,TBR,C,76856333,TBR
Teoscar Hernandez,4320000,4.035,RF,TOR,OF,76856333,TBR
Justin Turner,12000000,3.995,RP,LAD,RP,76856333,TBR
Harrison Bader,2000000,3.595,CF,STL,OF,76856333,TBR
Darin Ruf,1275000,2.905,RP,SFG,RP,76856333,TBR
Jesse Winker,3150000,2.865,LF,CIN,OF,76856333,TBR
Jacob Stallings,1300000,2.81,C,PIT,C,76856333,TBR
Matt Duffy,1000000,1.22,RP,CHC,RP,76856333,TBR
Jace Peterson,570500,0.775,RP,MIL,RP,76856333,TBR
Joe Ross,1500000,0.44,SP,WSN,SP,76856333,TBR
Andy Burns,100000,0.05,RP,LAD,RP,76856333,TBR
Zack Godley,100000,0.01,SP,MIL,SP,76856333,TBR
AJ Ramos,100000,0,RP,LAA,RP,76856333,TBR
Andrew Albers,100000,0,SP,MIN,SP,76856333,TBR
Anthony Swarzak,100000,0,RP,KCR,RP,76856333,TBR
Asher Wojciechowski,100000,0,SP,NYY,SP,76856333,TBR
Scott Kazmir,100000,-0.02,SP,SFG,SP,76856333,TBR
Juan Soto,8500000,7.06,RF,WSN,OF,60877424,MIA
Fernando Tatis Jr.,1714286,6.96,SS,SDP,IF,60877424,MIA
Jose Ramirez,9400000,6.615,3B,CLE,IF,60877424,MIA
Matt Olson,5000000,5.355,1B,OAK,IF,60877424,MIA
Shohei Ohtani,3000000,5.015,DH,LAA,DH,60877424,MIA
Brandon Lowe,2500000,4.79,2B,TBR,IF,60877424,MIA
Joey Gallo,6200000,4.525,RF,TEX,OF,60877424,MIA
Jorge Polanco,4333333,4.51,2B,MIN,IF,60877424,MIA
Byron Buxton,5125000,4.32,CF,MIN,OF,60877424,MIA
Mike Zunino,2000000,4.125,C,TBR,C,60877424,MIA
Harrison Bader,2000000,3.595,CF,STL,OF,60877424,MIA
Darin Ruf,1275000,2.905,RP,SFG,RP,60877424,MIA
Jesse Winker,3150000,2.865,LF,CIN,OF,60877424,MIA
Jacob Stallings,1300000,2.81,C,PIT,C,60877424,MIA
Austin Slater,1150000,1.495,RP,SFG,RP,60877424,MIA
Matt Duffy,1000000,1.22,RP,CHC,RP,60877424,MIA
Jace Peterson,570500,0.775,RP,MIL,RP,60877424,MIA
Joe Ross,1500000,0.44,SP,WSN,SP,60877424,MIA
Andy Burns,100000,0.05,RP,LAD,RP,60877424,MIA
Zack Godley,100000,0.01,SP,MIL,SP,60877424,MIA
AJ Ramos,100000,0,RP,LAA,RP,60877424,MIA
Andrew Albers,100000,0,SP,MIN,SP,60877424,MIA
Anthony Swarzak,100000,0,RP,KCR,RP,60877424,MIA
Asher Wojciechowski,100000,0,SP,NYY,SP,60877424,MIA
Scott Kazmir,100000,-0.02,SP,SFG,SP,60877424,MIA
Juan Soto,8500000,7.06,RF,WSN,OF,59054021,BAL
Fernando Tatis Jr.,1714286,6.96,SS,SDP,IF,59054021,BAL
Jose Ramirez,9400000,6.615,3B,CLE,IF,59054021,BAL
Matt Olson,5000000,5.355,1B,OAK,IF,59054021,BAL
Shohei Ohtani,3000000,5.015,DH,LAA,DH,59054021,BAL
Brandon Lowe,2500000,4.79,2B,TBR,IF,59054021,BAL
Jorge Polanco,4333333,4.51,2B,MIN,IF,59054021,BAL
Byron Buxton,5125000,4.32,CF,MIN,OF,59054021,BAL
Mike Zunino,2000000,4.125,C,TBR,C,59054021,BAL
Teoscar Hernandez,4320000,4.035,RF,TOR,OF,59054021,BAL
Harrison Bader,2000000,3.595,CF,STL,OF,59054021,BAL
Darin Ruf,1275000,2.905,RP,SFG,RP,59054021,BAL
Jesse Winker,3150000,2.865,LF,CIN,OF,59054021,BAL
Jacob Stallings,1300000,2.81,C,PIT,C,59054021,BAL
Austin Slater,1150000,1.495,RP,SFG,RP,59054021,BAL
Matt Duffy,1000000,1.22,RP,CHC,RP,59054021,BAL
Jace Peterson,570500,0.775,RP,MIL,RP,59054021,BAL
Joe Ross,1500000,0.44,SP,WSN,SP,59054021,BAL
Andy Burns,100000,0.05,RP,LAD,RP,59054021,BAL
Zack Godley,100000,0.01,SP,MIL,SP,59054021,BAL
AJ Ramos,100000,0,RP,LAA,RP,59054021,BAL
Andrew Albers,100000,0,SP,MIN,SP,59054021,BAL
Anthony Swarzak,100000,0,RP,KCR,RP,59054021,BAL
Asher Wojciechowski,100000,0,SP,NYY,SP,59054021,BAL
Scott Kazmir,100000,-0.02,SP,SFG,SP,59054021,BAL
Juan Soto,8500000,7.06,RF,WSN,OF,53010498,CLE
Fernando Tatis Jr.,1714286,6.96,SS,SDP,IF,53010498,CLE
Matt Olson,5000000,5.355,1B,OAK,IF,53010498,CLE
Shohei Ohtani,3000000,5.015,DH,LAA,DH,53010498,CLE
Brandon Lowe,2500000,4.79,2B,TBR,IF,53010498,CLE
Jorge Polanco,4333333,4.51,2B,MIN,IF,53010498,CLE
Enrique Hernandez,6000000,4.485,CF,BOS,OF,53010498,CLE
Mike Zunino,2000000,4.125,C,TBR,C,53010498,CLE
Teoscar Hernandez,4320000,4.035,RF,TOR,OF,53010498,CLE
Jeimer Candelario,2850000,3.8,3B,DET,IF,53010498,CLE
Harrison Bader,2000000,3.595,CF,STL,OF,53010498,CLE
Darin Ruf,1275000,2.905,RP,SFG,RP,53010498,CLE
Jesse Winker,3150000,2.865,LF,CIN,OF,53010498,CLE
Jacob Stallings,1300000,2.81,C,PIT,C,53010498,CLE
Austin Slater,1150000,1.495,RP,SFG,RP,53010498,CLE
Matt Duffy,1000000,1.22,RP,CHC,RP,53010498,CLE
Jace Peterson,570500,0.775,RP,MIL,RP,53010498,CLE
Joe Ross,1500000,0.44,SP,WSN,SP,53010498,CLE
Andy Burns,100000,0.05,RP,LAD,RP,53010498,CLE
Zack Godley,100000,0.01,SP,MIL,SP,53010498,CLE
AJ Ramos,100000,0,RP,LAA,RP,53010498,CLE
Andrew Albers,100000,0,SP,MIN,SP,53010498,CLE
Anthony Swarzak,100000,0,RP,KCR,RP,53010498,CLE
Asher Wojciechowski,100000,0,SP,NYY,SP,53010498,CLE
Scott Kazmir,100000,-0.02,SP,SFG,SP,53010498,CLE
Juan Soto,8500000,7.06,RF,WSN,OF,50337389,PIT
Fernando Tatis Jr.,1714286,6.96,SS,SDP,IF,50337389,PIT
Matt Olson,5000000,5.355,1B,OAK,IF,50337389,PIT
Shohei Ohtani,3000000,5.015,DH,LAA,DH,50337389,PIT
Brandon Lowe,2500000,4.79,2B,TBR,IF,50337389,PIT
Jorge Polanco,4333333,4.51,2B,MIN,IF,50337389,PIT
Enrique Hernandez,6000000,4.485,CF,BOS,OF,50337389,PIT
Mike Zunino,2000000,4.125,C,TBR,C,50337389,PIT
Jeimer Candelario,2850000,3.8,3B,DET,IF,50337389,PIT
Harrison Bader,2000000,3.595,CF,STL,OF,50337389,PIT
Darin Ruf,1275000,2.905,RP,SFG,RP,50337389,PIT
Jesse Winker,3150000,2.865,LF,CIN,OF,50337389,PIT
Jacob Stallings,1300000,2.81,C,PIT,C,50337389,PIT
Michael A. Taylor,1750000,2.245,CF,KCR,OF,50337389,PIT
Austin Slater,1150000,1.495,RP,SFG,RP,50337389,PIT
Matt Duffy,1000000,1.22,RP,CHC,RP,50337389,PIT
Jace Peterson,570500,0.775,RP,MIL,RP,50337389,PIT
Joe Ross,1500000,0.44,SP,WSN,SP,50337389,PIT
Andy Burns,100000,0.05,RP,LAD,RP,50337389,PIT
Zack Godley,100000,0.01,SP,MIL,SP,50337389,PIT
AJ Ramos,100000,0,RP,LAA,RP,50337389,PIT
Andrew Albers,100000,0,SP,MIN,SP,50337389,PIT
Anthony Swarzak,100000,0,RP,KCR,RP,50337389,PIT
Asher Wojciechowski,100000,0,SP,NYY,SP,50337389,PIT
Scott Kazmir,100000,-0.02,SP,SFG,SP,50337389,PIT
